image_path,y
downdog/00000310.png,0
downdog/00000331.jpg,0
downdog/00000144.jpg,0
downdog/00000334.jpg,0
downdog/00000208.jpg,0
downdog/00000175.jpg,0
downdog/00000203.png,0
downdog/00000382.jpg,0
downdog/00000284.jpg,0
downdog/00000291.jpg,0
downdog/00000376.jpg,0
downdog/00000370.jpg,0
downdog/00000304.jpg,0
downdog/00000155.jpg,0
downdog/00000274.jpg,0
downdog/00000189.jpg,0
downdog/00000309.jpg,0
downdog/00000233.jpg,0
downdog/00000258.jpg,0
downdog/00000227.jpg,0
downdog/00000234.jpg,0
downdog/00000349.png,0
downdog/00000243(1).jpg,0
downdog/00000166.jpg,0
downdog/00000280.jpg,0
downdog/00000347.jpg,0
downdog/00000328.jpg,0
downdog/00000242.png,0
downdog/00000146.jpg,0
downdog/00000416.jpg,0
downdog/00000279.jpg,0
downdog/00000306.jpg,0
downdog/00000198.png,0
downdog/00000300.jpg,0
downdog/00000278.jpg,0
downdog/00000152.jpg,0
downdog/00000305.png,0
downdog/00000132.png,0
downdog/00000223.jpg,0
downdog/00000248.jpg,0
downdog/00000301.jpg,0
downdog/00000316.jpg,0
downdog/00000293.jpg,0
downdog/00000264.jpg,0
downdog/00000323(1).jpg,0
downdog/00000285.jpg,0
downdog/00000135(1).jpg,0
downdog/00000330.jpg,0
downdog/00000335(1).jpg,0
downdog/00000213.jpg,0
downdog/00000329.jpg,0
downdog/00000294.jpg,0
downdog/00000219.jpg,0
downdog/00000360.jpg,0
downdog/00000135.jpg,0
downdog/00000156.jpg,0
downdog/00000246.jpg,0
downdog/00000346.jpg,0
downdog/00000186.png,0
downdog/00000344.jpg,0
downdog/00000133.jpg,0
downdog/00000131.jpg,0
downdog/00000377.jpg,0
downdog/00000333.jpg,0
downdog/00000159.jpg,0
downdog/00000247.jpg,0
downdog/00000320.jpg,0
downdog/00000354.jpg,0
downdog/00000276.jpg,0
downdog/00000158.jpg,0
downdog/00000367.png,0
downdog/00000210.jpg,0
downdog/00000153.jpg,0
downdog/00000272.jpg,0
downdog/00000288.jpg,0
downdog/00000229.jpg,0
downdog/00000419.jpg,0
downdog/00000378.jpg,0
downdog/00000393.jpg,0
downdog/00000365.jpg,0
downdog/00000312.jpg,0
downdog/00000164.jpg,0
downdog/00000172.jpg,0
downdog/00000388.png,0
downdog/00000297.jpg,0
downdog/00000143.jpg,0
downdog/00000255.jpg,0
downdog/00000303.jpg,0
downdog/00000299.jpg,0
downdog/00000290.png,0
downdog/00000356.jpg,0
downdog/00000180.jpg,0
downdog/00000332.jpg,0
downdog/00000215.jpg,0
downdog/00000295.jpg,0
downdog/00000422.jpg,0
downdog/00000173.jpg,0
downdog/00000228.png,0
downdog/00000128.jpg,0
downdog/00000414.jpg,0
downdog/00000254.jpg,0
downdog/00000176.jpg,0
downdog/00000250.jpg,0
downdog/00000338.jpg,0
downdog/00000270.jpg,0
downdog/00000200.jpg,0
downdog/00000355.jpg,0
downdog/00000277.jpg,0
downdog/00000130.jpg,0
downdog/00000387.jpg,0
downdog/00000408.jpg,0
downdog/00000137(1).jpg,0
downdog/00000352.png,0
downdog/00000137.jpg,0
downdog/00000140.jpg,0
downdog/00000337.jpg,0
downdog/00000342.jpg,0
downdog/00000335.jpg,0
downdog/00000243.jpg,0
downdog/00000165.jpg,0
downdog/00000324.jpg,0
downdog/00000369.png,0
downdog/00000222.jpg,0
downdog/00000168.jpg,0
downdog/00000420.jpg,0
downdog/00000280(1).jpg,0
downdog/00000263.jpg,0
downdog/00000391.jpg,0
downdog/00000322.jpg,0
downdog/00000394.jpg,0
downdog/00000362.jpg,0
downdog/00000154.jpg,0
downdog/00000392.jpg,0
downdog/00000298.jpg,0
downdog/00000134.jpg,0
downdog/00000139.jpg,0
downdog/00000283(1).jpg,0
downdog/00000341.jpg,0
downdog/00000230.jpg,0
downdog/00000315.jpg,0
downdog/00000351.png,0
downdog/00000241(1).jpg,0
downdog/00000235.jpg,0
downdog/00000237.jpg,0
downdog/00000183.jpg,0
downdog/00000162.jpg,0
downdog/00000212.png,0
downdog/00000151.jpg,0
downdog/00000217.jpg,0
downdog/00000255(1).jpg,0
downdog/00000214.jpg,0
downdog/00000283.jpg,0
downdog/00000170.jpg,0
downdog/00000232.jpg,0
downdog/00000353.jpg,0
downdog/00000216.jpg,0
downdog/00000423.jpg,0
downdog/00000142.jpg,0
downdog/00000240.jpg,0
downdog/00000343.jpg,0
downdog/00000323.jpg,0
downdog/00000145.jpg,0
downdog/00000406.jpg,0
downdog/00000385.png,0
downdog/00000163.jpg,0
downdog/00000187.jpg,0
downdog/00000404.jpg,0
downdog/00000325.jpg,0
downdog/00000314.jpg,0
downdog/00000201.jpg,0
downdog/00000179.jpg,0
downdog/00000209.jpg,0
downdog/00000326.jpg,0
downdog/00000426.jpg,0
downdog/00000239.jpg,0
downdog/00000337(1).jpg,0
downdog/00000221.jpg,0
downdog/00000218.jpg,0
downdog/00000204.jpg,0
downdog/00000372.jpg,0
downdog/00000225.jpg,0
downdog/00000403.jpg,0
downdog/00000287.png,0
downdog/00000348.jpg,0
downdog/00000327.jpg,0
downdog/00000177.jpg,0
downdog/00000319.jpg,0
downdog/00000251.jpg,0
downdog/00000160.jpg,0
downdog/00000161.jpg,0
downdog/00000308.jpg,0
downdog/00000238.jpg,0
downdog/00000358.jpg,0
downdog/00000289.jpg,0
downdog/00000138.jpg,0
downdog/00000415.jpg,0
downdog/00000350.jpg,0
downdog/00000182.jpg,0
downdog/00000417.jpg,0
downdog/00000375.jpg,0
downdog/00000220.jpg,0
downdog/00000244.jpg,0
downdog/00000206.jpg,0
downdog/00000129.jpg,0
downdog/00000357.jpg,0
downdog/00000174.jpg,0
downdog/00000286.jpg,0
downdog/00000147.jpg,0
downdog/00000379.png,0
downdog/00000188.png,0
downdog/00000241.jpg,0
downdog/00000150.jpg,0
downdog/00000224.jpg,0
downdog/00000268.jpg,0
downdog/00000197.jpg,0
downdog/00000245.png,0
downdog/00000292.jpg,0
downdog/00000412.jpg,0
downdog/00000345.png,0
downdog/00000340.jpg,0
downdog/00000199.jpg,0
downdog/00000281.jpg,0
downdog/00000366.png,0
downdog/00000409.jpg,0
downdog/00000266.jpg,0
downdog/00000425.jpg,0
goddess/00000114.jpg,1
goddess/00000339.jpg,1
goddess/00000231.jpg,1
goddess/00000291.jpg,1
goddess/00000370.jpg,1
goddess/00000304.jpg,1
goddess/00000155.jpg,1
goddess/00000385.jpg,1
goddess/00000274.jpg,1
goddess/00000269.jpg,1
goddess/00000136.jpg,1
goddess/00000233.jpg,1
goddess/00000401.jpg,1
goddess/00000258.jpg,1
goddess/00000265.jpg,1
goddess/00000112.jpg,1
goddess/00000097.jpg,1
goddess/00000280.jpg,1
goddess/00000198.jpg,1
goddess/00000361.jpg,1
goddess/00000223.jpg,1
goddess/00000178.jpg,1
goddess/00000242.jpg,1
goddess/00000389.jpg,1
goddess/00000321.jpg,1
goddess/00000188.jpg,1
goddess/00000336.jpg,1
goddess/00000264.jpg,1
goddess/00000285.jpg,1
goddess/00000272.png,1
goddess/00000135.jpeg,1
goddess/00000219.jpg,1
goddess/00000360.jpg,1
goddess/00000366.jpg,1
goddess/00000115.jpg,1
goddess/00000346.jpg,1
goddess/00000313.jpg,1
goddess/00000247.jpg,1
goddess/00000320.jpg,1
goddess/00000101.jpg,1
goddess/00000210.jpg,1
goddess/00000229.jpg,1
goddess/00000164.jpg,1
goddess/00000103.png,1
goddess/00000172.jpg,1
goddess/00000255.jpg,1
goddess/00000261.png,1
goddess/00000303.jpg,1
goddess/00000278.png,1
goddess/00000173.jpg,1
goddess/00000149.jpg,1
goddess/00000282.png,1
goddess/00000096.jpg,1
goddess/00000191.jpg,1
goddess/00000128.jpg,1
goddess/00000176.jpg,1
goddess/00000250.jpg,1
goddess/00000270.jpg,1
goddess/00000355.jpg,1
goddess/00000130.jpg,1
goddess/00000137.jpg,1
goddess/00000337.jpg,1
goddess/00000165.jpg,1
goddess/00000324.jpg,1
goddess/00000127.png,1
goddess/00000222.jpg,1
goddess/00000302.jpg,1
goddess/00000349.jpg,1
goddess/00000102.jpg,1
goddess/00000228.jpg,1
goddess/00000154.jpg,1
goddess/00000296.jpg,1
goddess/00000392.jpg,1
goddess/00000298.jpg,1
goddess/00000134.jpg,1
goddess/00000310.jpg,1
goddess/00000271.jpg,1
goddess/00000184.jpg,1
goddess/00000230.jpg,1
goddess/00000363.jpg,1
goddess/00000120.jpg,1
goddess/00000262.jpg,1
goddess/00000235.jpg,1
goddess/00000237.jpg,1
goddess/00000183.jpg,1
goddess/00000113.jpg,1
goddess/00000217.jpg,1
goddess/00000205.jpg,1
goddess/00000211.jpg,1
goddess/00000397.jpg,1
goddess/00000123.png,1
goddess/00000124.jpg,1
goddess/00000157.png,1
goddess/00000216.jpg,1
goddess/00000343.jpg,1
goddess/00000145.jpg,1
goddess/00000400.jpg,1
goddess/00000207.jpg,1
goddess/00000163.jpg,1
goddess/00000193.png,1
goddess/00000290.jpg,1
goddess/00000325.jpg,1
goddess/00000209.jpg,1
goddess/00000108.jpg,1
goddess/00000245.jpg,1
goddess/00000239.jpg,1
goddess/00000106.jpg,1
goddess/00000105.jpg,1
goddess/00000132.jpg,1
goddess/00000104.jpeg,1
goddess/00000111.jpg,1
goddess/00000202.jpg,1
goddess/00000348.jpg,1
goddess/00000117.jpg,1
goddess/00000369.jpg,1
goddess/00000327.jpg,1
goddess/00000384.jpg,1
goddess/00000177.jpg,1
goddess/00000251.jpg,1
goddess/00000160.jpg,1
goddess/00000395.jpg,1
goddess/00000308.jpg,1
goddess/00000358.jpg,1
goddess/00000171.jpg,1
goddess/00000307.jpg,1
goddess/00000182.jpg,1
goddess/00000121.jpg,1
goddess/00000181.jpg,1
goddess/00000317.jpg,1
goddess/00000244.jpg,1
goddess/00000206.jpg,1
goddess/00000129.jpg,1
goddess/00000357.jpg,1
goddess/00000286.jpg,1
goddess/00000119.jpg,1
goddess/00000125.jpg,1
goddess/00000150.jpg,1
goddess/00000224.jpg,1
goddess/00000107.jpg,1
goddess/00000292.jpg,1
goddess/00000289.png,1
goddess/00000374.jpg,1
goddess/00000281.jpg,1
goddess/00000266.jpg,1
goddess/00000212.jpg,1
plank/00000331.jpg,2
plank/00000144.jpg,2
plank/00000261.jpg,2
plank/00000208.jpg,2
plank/00000307.png,2
plank/00000175.jpg,2
plank/00000136.png,2
plank/00000339.jpg,2
plank/00000231.jpg,2
plank/00000291.jpg,2
plank/00000376.jpg,2
plank/00000368.jpg,2
plank/00000193.jpg,2
plank/00000304.jpg,2
plank/00000155.jpg,2
plank/00000385.jpg,2
plank/00000274.jpg,2
plank/00000146.png,2
plank/00000269.jpg,2
plank/00000189.jpg,2
plank/00000309.jpg,2
plank/00000233.jpg,2
plank/00000258.jpg,2
plank/00000265.jpg,2
plank/00000364.jpg,2
plank/00000157.jpg,2
plank/00000186.jpg,2
plank/00000328.jpg,2
plank/00000198.jpg,2
plank/00000361.jpg,2
plank/00000194.png,2
plank/00000279.jpg,2
plank/00000306.jpg,2
plank/00000278.jpg,2
plank/00000223.jpg,2
plank/00000248.jpg,2
plank/00000178.jpg,2
plank/00000301.jpg,2
plank/00000242.jpg,2
plank/00000389.jpg,2
plank/00000321.jpg,2
plank/00000316.jpg,2
plank/00000293.jpg,2
plank/00000371.jpg,2
plank/00000336.jpg,2
plank/00000264.jpg,2
plank/00000185.jpg,2
plank/00000213.jpg,2
plank/00000399.jpg,2
plank/00000329.jpg,2
plank/00000360.jpg,2
plank/00000170.png,2
plank/00000257.jpg,2
plank/00000366.jpg,2
plank/00000156.jpg,2
plank/00000246.jpg,2
plank/00000346.jpg,2
plank/00000287.jpg,2
plank/00000179.png,2
plank/00000313.jpg,2
plank/00000344.jpg,2
plank/00000377.jpg,2
plank/00000333.jpg,2
plank/00000247.jpg,2
plank/00000320.jpg,2
plank/00000413.jpg,2
plank/00000354.jpg,2
plank/00000276.jpg,2
plank/00000226.jpg,2
plank/00000256.jpg,2
plank/00000210.jpg,2
plank/00000410.jpg,2
plank/00000153.jpg,2
plank/00000288.jpg,2
plank/00000229.jpg,2
plank/00000419.jpg,2
plank/00000378.jpg,2
plank/00000365.jpg,2
plank/00000312.jpg,2
plank/00000294.png,2
plank/00000172.jpg,2
plank/00000388.png,2
plank/00000297.jpg,2
plank/00000255.jpg,2
plank/00000303.jpg,2
plank/00000299.jpg,2
plank/00000290.png,2
plank/00000356.jpg,2
plank/00000180.jpg,2
plank/00000332.jpg,2
plank/00000215.jpg,2
plank/00000295.jpg,2
plank/00000373.jpg,2
plank/00000149.jpg,2
plank/00000249.jpg,2
plank/00000191.jpg,2
plank/00000128.jpg,2
plank/00000414.jpg,2
plank/00000176.jpg,2
plank/00000398.jpg,2
plank/00000250.jpg,2
plank/00000338.jpg,2
plank/00000270.jpg,2
plank/00000355.jpg,2
plank/00000277.jpg,2
plank/00000431.jpg,2
plank/00000408.jpg,2
plank/00000238.png,2
plank/00000137.jpg,2
plank/00000140.jpg,2
plank/00000337.jpg,2
plank/00000342.jpg,2
plank/00000335.jpg,2
plank/00000165.jpg,2
plank/00000324.jpg,2
plank/00000222.jpg,2
plank/00000302.jpg,2
plank/00000168.jpg,2
plank/00000395.png,2
plank/00000349.jpg,2
plank/00000305.jpg,2
plank/00000420.jpg,2
plank/00000391.jpg,2
plank/00000362.jpg,2
plank/00000154.jpg,2
plank/00000296.jpg,2
plank/00000428.jpg,2
plank/00000209.jpeg,2
plank/00000367.jpg,2
plank/00000310.jpg,2
plank/00000190.jpg,2
plank/00000386.jpg,2
plank/00000341.jpg,2
plank/00000184.jpg,2
plank/00000230.jpg,2
plank/00000315.jpg,2
plank/00000263.png,2
plank/00000429.jpg,2
plank/00000187.png,2
plank/00000363.jpg,2
plank/00000196.jpg,2
plank/00000330.png,2
plank/00000262.jpg,2
plank/00000235.jpg,2
plank/00000237.jpg,2
plank/00000183.jpg,2
plank/00000162.jpg,2
plank/00000151.jpg,2
plank/00000217.jpg,2
plank/00000205.jpg,2
plank/00000440.jpg,2
plank/00000192.jpg,2
plank/00000275.jpg,2
plank/00000214.jpg,2
plank/00000434.jpg,2
plank/00000283.jpg,2
plank/00000311.jpg,2
plank/00000282.jpg,2
plank/00000232.jpg,2
plank/00000353.jpg,2
plank/00000216.jpg,2
plank/00000423.jpg,2
plank/00000252.jpg,2
plank/00000322.png,2
plank/00000323.jpg,2
plank/00000406.jpg,2
plank/00000381.jpg,2
plank/00000390.jpg,2
plank/00000418.jpg,2
plank/00000169.jpg,2
plank/00000207.jpg,2
plank/00000380.jpg,2
plank/00000163.jpg,2
plank/00000404.jpg,2
plank/00000195.jpg,2
plank/00000325.jpg,2
plank/00000314.jpg,2
plank/00000201.jpg,2
plank/00000326.jpg,2
plank/00000426.jpg,2
plank/00000221.jpg,2
plank/00000218.jpg,2
plank/00000202.jpg,2
plank/00000225.jpg,2
plank/00000437.jpg,2
plank/00000403.jpg,2
plank/00000348.jpg,2
plank/00000369.jpg,2
plank/00000327.jpg,2
plank/00000384.jpg,2
plank/00000177.jpg,2
plank/00000319.jpg,2
plank/00000251.jpg,2
plank/00000160.jpg,2
plank/00000203.jpg,2
plank/00000161.jpg,2
plank/00000308.jpg,2
plank/00000236.png,2
plank/00000171.jpg,2
plank/00000289.jpg,2
plank/00000345.jpg,2
plank/00000138.jpg,2
plank/00000415.jpg,2
plank/00000350.jpg,2
plank/00000182.jpg,2
plank/00000417.jpg,2
plank/00000375.jpg,2
plank/00000181.jpg,2
plank/00000220.jpg,2
plank/00000317.jpg,2
plank/00000206.jpg,2
plank/00000129.jpg,2
plank/00000357.jpg,2
plank/00000253.jpg,2
plank/00000150.jpg,2
plank/00000224.jpg,2
plank/00000268.jpg,2
plank/00000402.jpg,2
plank/00000424.jpg,2
plank/00000407.jpg,2
plank/00000200.png,2
plank/00000197.jpg,2
plank/00000387.jpeg,2
plank/00000245.png,2
plank/00000292.jpg,2
plank/00000273.jpg,2
plank/00000318.jpg,2
plank/00000412.jpg,2
plank/00000340.jpg,2
plank/00000159.png,2
plank/00000374.jpg,2
plank/00000281.jpg,2
plank/00000266.jpg,2
plank/00000430.jpg,2
plank/00000212.jpg,2
tree/00000144.jpg,3
tree/00000089.jpg,3
tree/00000075.jpg,3
tree/00000087.jpg,3
tree/File64.jpg,3
tree/00000114.jpg,3
tree/00000175.jpg,3
tree/00000203.png,3
tree/00000074.jpg,3
tree/00000193.jpg,3
tree/00000155.jpg,3
tree/00000127.jpg,3
tree/00000112.jpg,3
tree/00000097.jpg,3
tree/00000166.jpg,3
tree/00000099.jpg,3
tree/00000186.jpg,3
tree/File31.jpg,3
tree/File10.jpg,3
tree/00000146.jpg,3
tree/00000198.jpg,3
tree/File42.jpg,3
tree/00000073.jpg,3
tree/00000122.jpg,3
tree/00000152.jpg,3
tree/00000188.jpg,3
tree/00000185.jpg,3
tree/00000103.jpg,3
tree/File81.jpg,3
tree/00000088.jpg,3
tree/00000135.jpg,3
tree/00000081.jpg,3
tree/00000156.jpg,3
tree/00000115.jpg,3
tree/File84.jpg,3
tree/00000133.jpg,3
tree/00000094.jpg,3
tree/File71.jpg,3
tree/File72.jpg,3
tree/00000077.jpg,3
tree/00000158.jpg,3
tree/00000101.jpg,3
tree/00000164.jpg,3
tree/00000172.jpg,3
tree/00000143.jpg,3
tree/00000085.jpg,3
tree/00000177.png,3
tree/00000180.jpg,3
tree/00000095.jpg,3
tree/00000109.jpg,3
tree/00000076.jpg,3
tree/00000149.jpg,3
tree/00000096.jpg,3
tree/00000191.jpg,3
tree/00000090.png,3
tree/00000086.png,3
tree/File36.jpg,3
tree/00000128.jpg,3
tree/00000176.jpg,3
tree/00000130.jpg,3
tree/00000116.jpg,3
tree/00000078.jpg,3
tree/00000137.jpg,3
tree/00000165.jpg,3
tree/00000168.jpg,3
tree/File13.jpg,3
tree/00000102.jpg,3
tree/00000100.jpg,3
tree/00000134.jpg,3
tree/00000139.jpg,3
tree/00000092.jpg,3
tree/00000194.jpg,3
tree/File14.jpg,3
tree/00000184.jpg,3
tree/00000167.jpg,3
tree/00000071.jpg,3
tree/00000110.jpg,3
tree/File25.jpg,3
tree/00000196.jpg,3
tree/00000120.jpg,3
tree/00000148.jpg,3
tree/00000162.jpg,3
tree/00000123.jpg,3
tree/00000113.jpg,3
tree/00000151.jpg,3
tree/00000192.jpg,3
tree/File66.jpg,3
tree/00000141.jpg,3
tree/File40.jpg,3
tree/00000170.jpg,3
tree/00000124.jpg,3
tree/File15.jpg,3
tree/00000142.jpg,3
tree/File45.jpg,3
tree/File18.jpg,3
tree/00000079.jpg,3
tree/00000169.jpg,3
tree/File73.jpg,3
tree/00000163.jpg,3
tree/00000187.jpg,3
tree/File12.jpg,3
tree/00000080.jpg,3
tree/00000126.jpg,3
tree/00000083.jpg,3
tree/00000201.jpg,3
tree/00000179.jpg,3
tree/File47.jpg,3
tree/File55.jpg,3
tree/00000108.jpg,3
tree/00000106.jpg,3
tree/File11.jpg,3
tree/00000105.jpg,3
tree/00000132.jpg,3
tree/File38.jpg,3
tree/00000111.jpg,3
tree/00000204.jpg,3
tree/00000202.jpg,3
tree/00000117.jpg,3
tree/00000154.png,3
tree/00000140.png,3
tree/00000160.jpg,3
tree/00000084.jpg,3
tree/00000161.jpg,3
tree/00000171.jpg,3
tree/00000138.jpg,3
tree/00000182.jpg,3
tree/00000091.jpg,3
tree/00000121.jpg,3
tree/00000181.jpg,3
tree/File41.jpg,3
tree/00000118.jpg,3
tree/00000129.jpg,3
tree/00000174.jpg,3
tree/00000098.jpg,3
tree/00000147.jpg,3
tree/00000145.png,3
tree/00000119.jpg,3
tree/00000082.jpg,3
tree/File49.jpg,3
tree/00000125.jpg,3
tree/00000070.jpg,3
tree/00000150.jpg,3
tree/00000093.jpg,3
tree/File83.jpg,3
tree/00000107.jpg,3
tree/00000200.png,3
tree/00000197.jpg,3
tree/File17.jpg,3
tree/00000199.jpg,3
tree/00000104.jpg,3
warrior2/00000334.jpg,4
warrior2/00000208.jpg,4
warrior2/00000432.png,4
warrior2/00000382.jpg,4
warrior2/00000284.jpg,4
warrior2/00000339.jpg,4
warrior2/00000231.jpg,4
warrior2/00000291.jpg,4
warrior2/00000376.jpg,4
warrior2/00000368.jpg,4
warrior2/00000193.jpg,4
warrior2/00000207.jpeg,4
warrior2/00000370.jpg,4
warrior2/00000155.jpg,4
warrior2/00000385.jpg,4
warrior2/00000274.jpg,4
warrior2/00000127.jpg,4
warrior2/00000383.jpg,4
warrior2/00000269.jpg,4
warrior2/00000136.jpg,4
warrior2/00000189.jpg,4
warrior2/00000309.jpg,4
warrior2/00000233.jpg,4
warrior2/00000401.jpg,4
warrior2/00000258.jpg,4
warrior2/00000227.jpg,4
warrior2/00000265.jpg,4
warrior2/00000234.jpg,4
warrior2/00000166.jpg,4
warrior2/00000157.jpg,4
warrior2/00000186.jpg,4
warrior2/00000347.jpg,4
warrior2/00000328.jpg,4
warrior2/00000198.jpg,4
warrior2/00000361.jpg,4
warrior2/00000279.jpg,4
warrior2/00000122.jpg,4
warrior2/00000300.jpg,4
warrior2/00000278.jpg,4
warrior2/00000223.jpg,4
warrior2/00000178.jpg,4
warrior2/00000301.jpg,4
warrior2/00000389.jpg,4
warrior2/00000321.jpg,4
warrior2/00000188.jpg,4
warrior2/00000293.jpg,4
warrior2/00000336.jpg,4
warrior2/00000264.jpg,4
warrior2/00000285.jpg,4
warrior2/00000213.jpg,4
warrior2/00000329.jpg,4
warrior2/00000294.jpg,4
warrior2/00000219.jpg,4
warrior2/00000360.jpg,4
warrior2/00000257.jpg,4
warrior2/00000366.jpg,4
warrior2/00000135.jpg,4
warrior2/00000156.jpg,4
warrior2/00000346.jpg,4
warrior2/00000313.jpg,4
warrior2/00000344.jpg,4
warrior2/00000131.jpg,4
warrior2/00000333.jpg,4
warrior2/00000247.jpg,4
warrior2/00000320.jpg,4
warrior2/00000413.jpg,4
warrior2/00000226.jpg,4
warrior2/00000256.jpg,4
warrior2/00000210.jpg,4
warrior2/00000410.jpg,4
warrior2/00000153.jpg,4
warrior2/00000272.jpg,4
warrior2/00000184.png,4
warrior2/00000419.jpg,4
warrior2/00000267.jpg,4
warrior2/00000393.jpg,4
warrior2/00000365.jpg,4
warrior2/00000312.jpg,4
warrior2/00000297.jpg,4
warrior2/00000143.jpg,4
warrior2/00000255.jpg,4
warrior2/00000303.jpg,4
warrior2/00000299.jpg,4
warrior2/00000180.jpg,4
warrior2/00000332.jpg,4
warrior2/00000215.jpg,4
warrior2/00000295.jpg,4
warrior2/00000173.jpg,4
warrior2/00000373.jpg,4
warrior2/00000416.png,4
warrior2/00000149.jpg,4
warrior2/00000249.jpg,4
warrior2/00000191.jpg,4
warrior2/00000414.jpg,4
warrior2/00000254.jpg,4
warrior2/00000270.jpg,4
warrior2/00000200.jpg,4
warrior2/00000355.jpg,4
warrior2/00000431.jpg,4
warrior2/00000387.jpg,4
warrior2/00000408.jpg,4
warrior2/00000352.jpg,4
warrior2/00000137.jpg,4
warrior2/00000140.jpg,4
warrior2/00000337.jpg,4
warrior2/00000342.jpg,4
warrior2/00000335.jpg,4
warrior2/00000243.jpg,4
warrior2/00000165.jpg,4
warrior2/00000324.jpg,4
warrior2/00000222.jpg,4
warrior2/00000302.jpg,4
warrior2/00000168.jpg,4
warrior2/00000438.jpg,4
warrior2/00000349.jpg,4
warrior2/00000420.jpg,4
warrior2/00000391.jpg,4
warrior2/00000322.jpg,4
warrior2/00000394.jpg,4
warrior2/00000296.jpg,4
warrior2/00000428.jpg,4
warrior2/00000298.jpg,4
warrior2/00000367.jpg,4
warrior2/00000134.jpg,4
warrior2/00000310.jpg,4
warrior2/00000271.jpg,4
warrior2/00000190.jpg,4
warrior2/00000236.jpg,4
warrior2/00000139.jpg,4
warrior2/00000341.jpg,4
warrior2/00000194.jpg,4
warrior2/00000315.jpg,4
warrior2/00000167.jpg,4
warrior2/00000429.jpg,4
warrior2/00000260.jpg,4
warrior2/00000196.jpg,4
warrior2/00000359.jpg,4
warrior2/00000120.jpg,4
warrior2/00000148.jpg,4
warrior2/00000235.jpg,4
warrior2/00000237.jpg,4
warrior2/00000162.jpg,4
warrior2/00000217.jpg,4
warrior2/00000205.jpg,4
warrior2/00000192.jpg,4
warrior2/00000211.jpg,4
warrior2/00000397.jpg,4
warrior2/00000214.jpg,4
warrior2/00000123.png,4
warrior2/00000434.jpg,4
warrior2/00000283.jpg,4
warrior2/00000311.jpg,4
warrior2/00000141.jpg,4
warrior2/00000170.jpg,4
warrior2/00000124.jpg,4
warrior2/00000353.jpg,4
warrior2/00000216.jpg,4
warrior2/00000142.jpg,4
warrior2/00000343.jpg,4
warrior2/00000323.jpg,4
warrior2/00000259.jpg,4
warrior2/00000406.jpg,4
warrior2/00000400.jpg,4
warrior2/00000381.jpg,4
warrior2/00000390.jpg,4
warrior2/00000377.png,4
warrior2/00000418.jpg,4
warrior2/00000396.jpg,4
warrior2/00000187.jpg,4
warrior2/00000126.jpg,4
warrior2/00000290.jpg,4
warrior2/00000325.jpg,4
warrior2/00000314.jpg,4
warrior2/00000179.jpg,4
warrior2/00000326.jpg,4
warrior2/00000426.jpg,4
warrior2/00000245.jpg,4
warrior2/00000239.jpg,4
warrior2/00000132.jpg,4
warrior2/00000221.jpg,4
warrior2/00000218.jpg,4
warrior2/00000204.jpg,4
warrior2/00000372.jpg,4
warrior2/00000202.jpg,4
warrior2/00000225.jpg,4
warrior2/00000437.jpg,4
warrior2/00000287.png,4
warrior2/00000348.jpg,4
warrior2/00000369.jpg,4
warrior2/00000327.jpg,4
warrior2/00000384.jpg,4
warrior2/00000177.jpg,4
warrior2/00000319.jpg,4
warrior2/00000421.jpg,4
warrior2/00000251.jpg,4
warrior2/00000160.jpg,4
warrior2/00000436.jpg,4
warrior2/00000395.jpg,4
warrior2/00000203.jpg,4
warrior2/00000238.jpg,4
warrior2/00000358.jpg,4
warrior2/00000171.jpg,4
warrior2/00000289.jpg,4
warrior2/00000345.jpg,4
warrior2/00000138.jpg,4
warrior2/00000307.jpg,4
warrior2/00000427.jpg,4
warrior2/00000351.jpg,4
warrior2/00000121.jpg,4
warrior2/00000375.jpg,4
warrior2/00000220.jpg,4
warrior2/00000317.jpg,4
warrior2/00000244.jpg,4
warrior2/00000206.jpg,4
warrior2/00000118.jpg,4
warrior2/00000129.jpg,4
warrior2/00000174.jpg,4
warrior2/00000286.jpg,4
warrior2/00000147.jpg,4
warrior2/00000125.jpg,4
warrior2/00000253.jpg,4
warrior2/00000250.png,4
warrior2/00000433.jpg,4
warrior2/00000241.jpg,4
warrior2/00000150.jpg,4
warrior2/00000224.jpg,4
warrior2/00000268.jpg,4
warrior2/00000402.jpg,4
warrior2/00000407.jpg,4
warrior2/00000273.jpg,4
warrior2/00000195.jpeg,4
warrior2/00000331.png,4
warrior2/00000318.jpg,4
warrior2/00000412.jpg,4
warrior2/00000374.jpg,4
warrior2/00000199.jpg,4
warrior2/00000266.jpg,4
warrior2/00000425.jpg,4
warrior2/00000430.jpg,4
warrior2/00000212.jpg,4
